id, name                                          , composition               , adsorption_site_type, delta_zpe_ev        , zpe_h_star_ev      , half_zpe_h2_ev     , delta_g_h_ev
 1, C2DB_W-N-2D_W4N3_C2DB-11836_H_bridge_0_along_z, "{""N"": 3.0, ""W"": 4.0}", bridge_0            , 0.11948276566784446 , 0.25839790362421083, 0.13891513795636637, 1.7484632806678444
 2, C2DB_W-N-2D_W4N3_C2DB-11836_H_hollow_0_along_z, "{""N"": 3.0, ""W"": 4.0}", hollow_0            , 0.1593683201944656  , 0.29828345815083196, 0.13891513795636637, -0.19388273480553447
 3, C2DB_W-N-2D_W4N3_C2DB-11836_H_hollow_1_along_z, "{""N"": 3.0, ""W"": 4.0}", hollow_1            , -0.09464845324503844, 0.04426668471132793, 0.13891513795636637, 2.480123511754962
 4, C2DB_W-N-2D_W4N3_C2DB-11836_H_ontop_0_along_z , "{""N"": 3.0, ""W"": 4.0}", ontop_0             , 0.11944914164916623 , 0.2583642796055326 , 0.13891513795636637, 1.7483395166491662
 7, USPEX_FIXED_W-N-2D_287_H_bridge_2_along_z     , "{""N"": 3.0, ""W"": 2.0}", bridge_2            , 0.16442379702488516 , 0.30333893498125153, 0.13891513795636637, 0.00481961202488515
 8, USPEX_FIXED_W-N-2D_287_H_bridge_3_along_z     , "{""N"": 3.0, ""W"": 2.0}", bridge_3            , 0.16416497033988833 , 0.3030801082962547 , 0.13891513795636637, 0.004995605339888326
 9, USPEX_FIXED_W-N-2D_287_H_hollow_0_along_z     , "{""N"": 3.0, ""W"": 2.0}", hollow_0            , 0.16445503143411497 , 0.30337016939048134, 0.13891513795636637, 0.005317556434114995
10, USPEX_FIXED_W-N-2D_287_H_hollow_1_along_z     , "{""N"": 3.0, ""W"": 2.0}", hollow_1            , 0.06730845966086452 , 0.20622359761723089, 0.13891513795636637, 1.0332568846608645
11, USPEX_FIXED_W-N-2D_287_H_ontop_0_along_z      , "{""N"": 3.0, ""W"": 2.0}", ontop_0             , 0.06764007957649282 , 0.2065552175328592 , 0.13891513795636637, 1.0342648045764928
12, USPEX_FIXED_W-N-2D_287_H_ontop_1_along_z      , "{""N"": 3.0, ""W"": 2.0}", ontop_1             , 0.1642711067649887  , 0.3031862447213551 , 0.13891513795636637, 0.004375941764988706
13, USPEX_VARIABLE_W-N-2D_1042_H_bridge_0_along_z , "{""N"": 4.0, ""W"": 3.0}", bridge_0            , 0.16086097240658118 , 0.29977611036294755, 0.13891513795636637, -1.5631295625934187
14, USPEX_VARIABLE_W-N-2D_1042_H_bridge_1_along_z , "{""N"": 4.0, ""W"": 3.0}", bridge_1            , 0.16241583573599996 , 0.30133097369236633, 0.13891513795636637, -1.631207159264
15, USPEX_VARIABLE_W-N-2D_1042_H_bridge_2_along_z , "{""N"": 4.0, ""W"": 3.0}", bridge_2            , 0.16104062265847433 , 0.2999557606148407 , 0.13891513795636637, -1.5626209023415256
16, USPEX_VARIABLE_W-N-2D_1042_H_hollow_0_along_z , "{""N"": 4.0, ""W"": 3.0}", hollow_0            , 0.16162017278383597 , 0.30053531074020234, 0.13891513795636637, -1.620915012216164
17, USPEX_VARIABLE_W-N-2D_1042_H_hollow_1_along_z , "{""N"": 4.0, ""W"": 3.0}", hollow_1            , 0.08416937165345292 , 0.2230845096098193 , 0.13891513795636637, 0.2759991666534529
18, USPEX_VARIABLE_W-N-2D_1042_H_ontop_0_along_z  , "{""N"": 4.0, ""W"": 3.0}", ontop_0             , 0.1613727419824539  , 0.3002878799388203 , 0.13891513795636637, -1.556822473017546
19, USPEX_VARIABLE_W-N-2D_2175_H_bridge_0_along_z , "{""N"": 2.0, ""W"": 1.0}", bridge_0            , 0.16722476589635657 , 0.30613990385272294, 0.13891513795636637, -1.2907900491036435
20, USPEX_VARIABLE_W-N-2D_2175_H_hollow_0_along_z , "{""N"": 2.0, ""W"": 1.0}", hollow_0            , 0.1676947627160932  , 0.3066099006724596 , 0.13891513795636637, -1.288358702283907
21, USPEX_VARIABLE_W-N-2D_2175_H_hollow_1_along_z , "{""N"": 2.0, ""W"": 1.0}", hollow_1            , 0.058871999016852083, 0.19778713697321845, 0.13891513795636637, 1.082621504016852
22, USPEX_VARIABLE_W-N-2D_2175_H_ontop_0_along_z  , "{""N"": 2.0, ""W"": 1.0}", ontop_0             , 0.167619147419129   , 0.3065342853754954 , 0.13891513795636637, -1.289296197580871
23, USPEX_VARIABLE_W-N-2D_2403_H_bridge_0_along_z , "{""N"": 2.0, ""W"": 3.0}", bridge_0            , 0.065838274005426   , 0.20475341196179236, 0.13891513795636637, -0.48650733099457405
24, USPEX_VARIABLE_W-N-2D_2403_H_bridge_1_along_z , "{""N"": 2.0, ""W"": 3.0}", bridge_1            , 0.13578094741740712 , 0.2746960853737735 , 0.13891513795636637, 0.6663627824174072
25, USPEX_VARIABLE_W-N-2D_2403_H_bridge_2_along_z , "{""N"": 2.0, ""W"": 3.0}", bridge_2            , 0.13629872167199417 , 0.27521385962836054, 0.13891513795636637, 0.8067314166719941
26, USPEX_VARIABLE_W-N-2D_2403_H_bridge_3_along_z , "{""N"": 2.0, ""W"": 3.0}", bridge_3            , 0.07848093577654433 , 0.2173960737329107 , 0.13891513795636637, 
27, USPEX_VARIABLE_W-N-2D_2403_H_hollow_0_along_z , "{""N"": 2.0, ""W"": 3.0}", hollow_0            , 0.06417754875192222 , 0.2030926867082886 , 0.13891513795636637, -0.4886019662480778
28, USPEX_VARIABLE_W-N-2D_2403_H_hollow_1_along_z , "{""N"": 2.0, ""W"": 3.0}", hollow_1            , 0.0673130786301851  , 0.20622821658655147, 0.13891513795636637, -0.47502261636981485
29, USPEX_VARIABLE_W-N-2D_2403_H_ontop_0_along_z  , "{""N"": 2.0, ""W"": 3.0}", ontop_0             , 0.06552874553228244 , 0.2044438834886488 , 0.13891513795636637, -0.4939276194677175
30, USPEX_VARIABLE_W-N-2D_2403_H_ontop_1_along_z  , "{""N"": 2.0, ""W"": 3.0}", ontop_1             , 0.13708348566921072 , 0.2759986236255771 , 0.13891513795636637, 0.8079395406692107
31, USPEX_VARIABLE_W-N-2D_2971_H_bridge_0_along_z , "{""N"": 3.0, ""W"": 5.0}", bridge_0            , 0.061172383298944005, 0.20008752125531037, 0.13891513795636637, -1.7609622517010561
32, USPEX_VARIABLE_W-N-2D_2971_H_bridge_1_along_z , "{""N"": 3.0, ""W"": 5.0}", bridge_1            , 0.0622378565102677  , 0.20115299446663407, 0.13891513795636637, -1.7518158884897324
33, USPEX_VARIABLE_W-N-2D_2971_H_bridge_2_along_z , "{""N"": 3.0, ""W"": 5.0}", bridge_2            , 0.061588825516119966, 0.20050396347248634, 0.13891513795636637, -1.7862132294838802
34, USPEX_VARIABLE_W-N-2D_2971_H_hollow_0_along_z , "{""N"": 3.0, ""W"": 5.0}", hollow_0            , 0.15479604456290788 , 0.29371118251927425, 0.13891513795636637, -1.196152620437092
35, USPEX_VARIABLE_W-N-2D_2971_H_hollow_1_along_z , "{""N"": 3.0, ""W"": 5.0}", hollow_1            , 0.06046585512870967 , 0.19938099308507604, 0.13891513795636637, -1.7581645598712905
36, USPEX_VARIABLE_W-N-2D_2971_H_ontop_0_along_z  , "{""N"": 3.0, ""W"": 5.0}", ontop_0             , 0.06114449925271637 , 0.20005963720908274, 0.13891513795636637, -1.816024495747284
37, USPEX_VARIABLE_W-N-2D_2971_H_ontop_1_along_z  , "{""N"": 3.0, ""W"": 5.0}", ontop_1             , 0.1541526091616117  , 0.29306774711797806, 0.13891513795636637, -1.2475444558383884
38, USPEX_VARIABLE_W-N-2D_3035_H_bridge_0_along_z , "{""N"": 5.0, ""W"": 2.0}", bridge_0            , 0.019598774549847903, 0.15851391250621427, 0.13891513795636637, 1.8944828795498478
39, USPEX_VARIABLE_W-N-2D_3035_H_bridge_1_along_z , "{""N"": 5.0, ""W"": 2.0}", bridge_1            , 0.16594428226373073 , 0.3048594202200971 , 0.13891513795636637, 1.1639770872637307
40, USPEX_VARIABLE_W-N-2D_3035_H_bridge_2_along_z , "{""N"": 5.0, ""W"": 2.0}", bridge_2            , 0.046792475830717106, 0.18570761378708348, 0.13891513795636637, 0.8131948108307172
41, USPEX_VARIABLE_W-N-2D_3035_H_bridge_3_along_z , "{""N"": 5.0, ""W"": 2.0}", bridge_3            , 0.16550992178820514 , 0.3044250597445715 , 0.13891513795636637, 1.1862819967882052
42, USPEX_VARIABLE_W-N-2D_3035_H_hollow_0_along_z , "{""N"": 5.0, ""W"": 2.0}", hollow_0            , 0.045721325010994546, 0.18463646296736091, 0.13891513795636637, 0.8305767700109945
43, USPEX_VARIABLE_W-N-2D_3035_H_hollow_1_along_z , "{""N"": 5.0, ""W"": 2.0}", hollow_1            , 0.04572072393560053 , 0.1846358618919669 , 0.13891513795636637, 0.8326269489356006
44, USPEX_VARIABLE_W-N-2D_3035_H_hollow_2_along_z , "{""N"": 5.0, ""W"": 2.0}", hollow_2            , 0.16616305715525778 , 0.30507819511162415, 0.13891513795636637, 1.1604562721552578
45, USPEX_VARIABLE_W-N-2D_3035_H_hollow_3_along_z , "{""N"": 5.0, ""W"": 2.0}", hollow_3            , 0.16589186255053048 , 0.30480700050689685, 0.13891513795636637, 1.1707284575505306
46, USPEX_VARIABLE_W-N-2D_3035_H_ontop_0_along_z  , "{""N"": 5.0, ""W"": 2.0}", ontop_0             , 0.04597315179611619 , 0.18488828975248256, 0.13891513795636637, 0.8360549967961162
47, USPEX_VARIABLE_W-N-2D_3035_H_ontop_1_along_z  , "{""N"": 5.0, ""W"": 2.0}", ontop_1             , 0.16700565866518566 , 0.305920796621552  , 0.13891513795636637, 1.1955815736651858
48, USPEX_VARIABLE_W-N-2D_3596_H_bridge_0_along_z , "{""N"": 1.0, ""W"": 2.0}", bridge_0            , 0.06900442593496256 , 0.20791956389132893, 0.13891513795636637, -0.4619506890650374
49, USPEX_VARIABLE_W-N-2D_3596_H_bridge_1_along_z , "{""N"": 1.0, ""W"": 2.0}", bridge_1            , 0.06936541206591859 , 0.20828055002228496, 0.13891513795636637, -0.46267417293408136
50, USPEX_VARIABLE_W-N-2D_3596_H_bridge_2_along_z , "{""N"": 1.0, ""W"": 2.0}", bridge_2            , 0.06940429338656309 , 0.20831943134292946, 0.13891513795636637, -0.46144742161343694
51, USPEX_VARIABLE_W-N-2D_3596_H_bridge_3_along_z , "{""N"": 1.0, ""W"": 2.0}", bridge_3            , 0.06907188703916414 , 0.2079870249955305 , 0.13891513795636637, -0.46250533796083587
52, USPEX_VARIABLE_W-N-2D_3596_H_bridge_4_along_z , "{""N"": 1.0, ""W"": 2.0}", bridge_4            , 0.06924419445088928 , 0.20815933240725565, 0.13891513795636637, -0.46194383054911076
53, USPEX_VARIABLE_W-N-2D_3596_H_bridge_5_along_z , "{""N"": 1.0, ""W"": 2.0}", bridge_5            , 0.06948834010495747 , 0.20840347806132384, 0.13891513795636637, -0.4613868648950425
54, USPEX_VARIABLE_W-N-2D_3596_H_hollow_0_along_z , "{""N"": 1.0, ""W"": 2.0}", hollow_0            , 0.06914514849612102 , 0.2080602864524874 , 0.13891513795636637, -0.46305238650387887
55, USPEX_VARIABLE_W-N-2D_3596_H_hollow_1_along_z , "{""N"": 1.0, ""W"": 2.0}", hollow_1            , 0.06922452404784735 , 0.20813966200421372, 0.13891513795636637, -0.46242591095215263
56, USPEX_VARIABLE_W-N-2D_3596_H_hollow_2_along_z , "{""N"": 1.0, ""W"": 2.0}", hollow_2            , 0.06963642614965296 , 0.20855156410601933, 0.13891513795636637, -0.4616880188503471
57, USPEX_VARIABLE_W-N-2D_3596_H_hollow_3_along_z , "{""N"": 1.0, ""W"": 2.0}", hollow_3            , 0.06368587397700268 , 0.20260101193336905, 0.13891513795636637, -0.46794155102299734
58, USPEX_VARIABLE_W-N-2D_3596_H_ontop_0_along_z  , "{""N"": 1.0, ""W"": 2.0}", ontop_0             , 0.06940123054291711 , 0.20831636849928348, 0.13891513795636637, -0.4624610344570828
59, USPEX_VARIABLE_W-N-2D_3596_H_ontop_1_along_z  , "{""N"": 1.0, ""W"": 2.0}", ontop_1             , 0.1546023888079913  , 0.29351752676435766, 0.13891513795636637, 0.0332365838079913
60, USPEX_VARIABLE_W-N-2D_4683_H_bridge_0_along_z , "{""N"": 1.0, ""W"": 3.0}", bridge_0            , 0.06494564865294838 , 0.20386078660931475, 0.13891513795636637, -0.9155585063470515
61, USPEX_VARIABLE_W-N-2D_4683_H_bridge_1_along_z , "{""N"": 1.0, ""W"": 3.0}", bridge_1            , 0.12477243302709543 , 0.2636875709834618 , 0.13891513795636637, 0.06296249802709544
62, USPEX_VARIABLE_W-N-2D_4683_H_bridge_2_along_z , "{""N"": 1.0, ""W"": 3.0}", bridge_2            , 0.12485873272435163 , 0.263773870680718  , 0.13891513795636637, 0.06434901772435167
63, USPEX_VARIABLE_W-N-2D_4683_H_bridge_3_along_z , "{""N"": 1.0, ""W"": 3.0}", bridge_3            , 0.06505259605869068 , 0.20396773401505705, 0.13891513795636637, -0.9154211389413094
64, USPEX_VARIABLE_W-N-2D_4683_H_bridge_4_along_z , "{""N"": 1.0, ""W"": 3.0}", bridge_4            , 0.12523269721123922 , 0.2641478351676056 , 0.13891513795636637, 0.06391420221123925
65, USPEX_VARIABLE_W-N-2D_4683_H_bridge_5_along_z , "{""N"": 1.0, ""W"": 3.0}", bridge_5            , 0.06485829478004498 , 0.20377343273641135, 0.13891513795636637, -0.9160444502199552
66, USPEX_VARIABLE_W-N-2D_4683_H_hollow_0_along_z , "{""N"": 1.0, ""W"": 3.0}", hollow_0            , 0.06531513396269917 , 0.20423027191906554, 0.13891513795636637, -0.9152260210373009
67, USPEX_VARIABLE_W-N-2D_4683_H_hollow_1_along_z , "{""N"": 1.0, ""W"": 3.0}", hollow_1            , 0.06508280090313667 , 0.20399793885950304, 0.13891513795636637, -0.9142408740968635
68, USPEX_VARIABLE_W-N-2D_4683_H_hollow_2_along_z , "{""N"": 1.0, ""W"": 3.0}", hollow_2            , 0.06509207306141648 , 0.20400721101778285, 0.13891513795636637, -0.9143267619385838
69, USPEX_VARIABLE_W-N-2D_4683_H_hollow_3_along_z , "{""N"": 1.0, ""W"": 3.0}", hollow_3            , 0.06528163715180846 , 0.20419677510817483, 0.13891513795636637, -0.9140128778481917
70, USPEX_VARIABLE_W-N-2D_4683_H_ontop_0_along_z  , "{""N"": 1.0, ""W"": 3.0}", ontop_0             , 0.06541312753959111 , 0.20432826549595748, 0.13891513795636637, -0.9133871574604089
71, USPEX_VARIABLE_W-N-2D_4683_H_ontop_1_along_z  , "{""N"": 1.0, ""W"": 3.0}", ontop_1             , 0.12579932464957436 , 0.2647144626059407 , 0.13891513795636637, 0.06840260964957437
